gender,race/ethnicity,parental level of education,lunch,test preparation course,math score,reading score,writing score,Total
male,group A,high school,standard,completed,67,67,63,197
female,group D,some high school,free/reduced,none,40,59,55,154
male,group E,some college,free/reduced,none,59,60,50,169
male,group B,high school,standard,none,77,78,68,223
male,group E,associate's degree,standard,completed,78,73,68,219
female,group D,high school,standard,none,63,77,76,216
female,group A,bachelor's degree,standard,none,62,59,63,184
male,group E,some college,standard,completed,93,88,84,265
male,group D,high school,standard,none,63,56,65,184
male,group C,some college,free/reduced,none,47,42,45,134
male,group E,some college,standard,completed,99,83,85,267
female,group D,high school,standard,completed,80,87,90,257
male,group D,associate's degree,standard,completed,77,87,85,249
male,group C,high school,standard,completed,74,74,73,221
male,group E,some high school,standard,completed,81,87,85,253
male,group E,associate's degree,free/reduced,none,69,61,57,187
male,group B,high school,standard,none,58,47,42,147
female,group C,associate's degree,standard,completed,54,62,65,181
female,group C,associate's degree,free/reduced,none,23,44,44,111
male,group C,some college,free/reduced,none,39,32,31,102
female,group C,associate's degree,standard,none,83,76,88,247
male,group C,associate's degree,standard,none,58,52,55,165
male,group B,some college,standard,completed,71,69,73,213
female,group B,some college,free/reduced,none,44,55,54,153
male,group E,some high school,free/reduced,none,46,38,32,116
male,group C,high school,free/reduced,none,51,45,42,138
female,group C,some high school,standard,none,53,60,56,169
male,group E,high school,standard,none,71,68,60,199
female,group B,high school,standard,completed,74,89,89,252
female,group A,some high school,free/reduced,none,33,54,51,138
male,group B,some college,standard,none,87,79,77,243
male,group A,bachelor's degree,free/reduced,none,78,74,73,225
male,group A,some high school,free/reduced,completed,40,41,39,120
female,group B,associate's degree,standard,completed,65,65,71,201
female,group B,bachelor's degree,standard,completed,79,88,89,256
female,group A,bachelor's degree,standard,none,68,74,74,216
female,group C,some college,standard,completed,57,77,75,209
male,group B,high school,free/reduced,none,67,65,54,186
female,group B,some college,free/reduced,completed,58,68,73,199
male,group E,associate's degree,standard,none,98,81,77,256
female,group B,master's degree,free/reduced,none,54,75,72,201
male,group D,high school,standard,none,77,67,64,208
male,group E,high school,standard,completed,87,79,82,248
female,group C,master's degree,standard,none,58,70,70,198
male,group E,high school,standard,none,100,88,87,275
male,group C,bachelor's degree,standard,none,60,46,51,157
male,group C,associate's degree,free/reduced,none,64,63,57,184
female,group E,some high school,standard,completed,65,76,78,219
female,group D,high school,standard,none,68,72,73,213
male,group C,associate's degree,free/reduced,completed,60,63,57,180
male,group D,high school,standard,none,65,68,64,197
female,group C,some high school,free/reduced,none,52,58,60,170
female,group C,associate's degree,standard,none,74,81,85,240
female,group C,high school,free/reduced,none,36,53,49,138
male,group D,high school,free/reduced,none,57,57,47,161
female,group C,some college,standard,completed,56,60,62,178
female,group C,bachelor's degree,standard,completed,67,80,84,231
male,group D,associate's degree,standard,completed,88,87,83,258
female,group D,some college,free/reduced,none,42,61,51,154
male,group E,some high school,standard,none,68,51,48,167
male,group D,some college,free/reduced,none,76,66,68,210
female,group E,some high school,standard,none,58,63,59,180
male,group E,some high school,standard,completed,69,67,62,198
male,group A,bachelor's degree,standard,completed,77,82,78,237
male,group D,master's degree,standard,completed,83,93,97,273
female,group C,some high school,free/reduced,completed,49,74,70,193
male,group C,high school,standard,none,71,60,56,187
female,group D,some high school,free/reduced,none,47,46,49,142
male,group B,high school,standard,none,79,64,60,203
female,group C,high school,standard,none,60,64,57,181
female,group C,associate's degree,standard,completed,56,68,73,197
male,group C,associate's degree,standard,none,57,52,47,156
female,group B,some college,standard,none,49,70,63,182
female,group C,some high school,standard,completed,79,76,81,236
male,group B,master's degree,free/reduced,none,71,76,67,214
female,group C,high school,standard,none,71,77,70,218
female,group C,some college,standard,none,47,63,59,169
female,group D,high school,free/reduced,none,72,91,81,244
male,group C,associate's degree,standard,none,78,73,76,227
male,group D,some high school,standard,none,54,43,45,142
female,group B,bachelor's degree,standard,none,46,59,62,167
female,group D,some high school,free/reduced,none,31,38,42,111
female,group C,associate's degree,free/reduced,none,51,59,59,169
male,group B,high school,standard,completed,78,76,73,227
female,group B,associate's degree,free/reduced,none,32,41,39,112
female,group C,some high school,standard,none,53,71,69,193
female,group C,some college,free/reduced,none,63,76,69,208
male,group D,some college,standard,none,97,93,88,278
female,group D,some college,standard,none,56,52,61,169
male,group B,high school,standard,none,72,76,72,220
male,group C,some college,free/reduced,none,57,47,42,146
male,group B,some high school,standard,none,74,71,70,215
female,group D,master's degree,standard,none,81,81,87,249
male,group D,bachelor's degree,standard,completed,94,87,93,274
male,group B,master's degree,free/reduced,none,81,73,72,226
female,group C,high school,standard,completed,58,63,67,188
female,group E,associate's degree,standard,completed,95,100,100,295
male,group B,high school,free/reduced,none,45,52,49,146
male,group A,some college,standard,none,63,50,49,162
male,group B,associate's degree,standard,none,60,54,53,167
male,group C,some college,free/reduced,completed,54,61,62,177
male,group C,some college,standard,completed,75,78,79,232
male,group E,high school,standard,none,79,78,77,234
male,group D,high school,standard,none,66,67,67,200
female,group B,some college,standard,none,47,58,58,163
female,group D,bachelor's degree,standard,none,70,78,82,230
male,group D,high school,standard,none,82,74,73,229
male,group A,bachelor's degree,standard,none,56,38,44,138
male,group B,associate's degree,standard,none,92,78,71,241
male,group C,some college,free/reduced,none,30,33,33,96
female,group C,some college,standard,completed,79,88,86,253
female,group D,some high school,standard,none,41,52,47,140
female,group C,master's degree,standard,none,63,82,71,216
male,group A,bachelor's degree,free/reduced,none,43,34,33,110
male,group D,high school,standard,none,77,76,74,227
male,group B,associate's degree,standard,completed,76,79,76,231
female,group E,some college,free/reduced,none,49,61,63,173
male,group C,associate's degree,standard,completed,59,57,55,171
male,group B,bachelor's degree,free/reduced,none,59,70,58,187
female,group D,some high school,standard,completed,76,90,87,253
female,group C,high school,standard,completed,55,71,71,197
female,group D,bachelor's degree,standard,completed,78,87,89,254
female,group C,bachelor's degree,standard,completed,51,53,62,166
female,group C,some high school,standard,completed,41,43,45,129
female,group D,associate's degree,standard,none,74,78,86,238
male,group C,master's degree,standard,none,62,54,58,174
male,group D,associate's degree,standard,none,77,71,64,212
male,group C,some high school,standard,none,45,52,45,142
male,group E,some college,standard,completed,100,84,87,271
female,group D,associate's degree,free/reduced,completed,83,95,100,278
female,group E,associate's degree,free/reduced,completed,77,75,82,234
male,group C,high school,standard,completed,66,70,64,200
male,group B,some college,standard,none,65,63,57,185
male,group D,associate's degree,standard,none,62,55,56,173
male,group E,some college,standard,none,55,54,54,163
male,group C,some high school,free/reduced,none,73,78,69,220
male,group A,some college,standard,completed,73,81,76,230
female,group B,associate's degree,standard,completed,48,66,68,182
male,group D,some college,free/reduced,none,52,44,49,145
female,group C,some high school,free/reduced,none,60,72,64,196
male,group B,associate's degree,free/reduced,none,68,63,57,188
female,group D,some college,free/reduced,none,65,77,83,225
female,group D,bachelor's degree,standard,none,86,83,87,256
female,group B,associate's degree,standard,none,55,62,60,177
male,group B,master's degree,standard,completed,80,71,68,219
female,group B,high school,free/reduced,none,51,57,57,165
female,group B,some high school,standard,completed,63,61,66,190
male,group E,some college,standard,none,60,55,46,161
female,group E,bachelor's degree,standard,completed,100,100,100,300
male,group A,associate's degree,free/reduced,none,46,44,44,134
female,group C,some college,standard,completed,67,78,80,225
female,group C,high school,free/reduced,none,54,67,59,180
female,group B,associate's degree,standard,none,63,79,76,218
male,group D,bachelor's degree,standard,none,68,66,73,207
female,group C,associate's degree,free/reduced,none,54,63,58,175
female,group C,some college,standard,none,43,44,47,134
male,group B,high school,free/reduced,none,64,64,59,187
female,group E,associate's degree,free/reduced,none,92,87,87,266
female,group D,associate's degree,free/reduced,none,82,95,93,270
male,group E,some high school,free/reduced,none,84,78,79,241
female,group D,associate's degree,standard,completed,84,98,97,279
male,group D,associate's degree,free/reduced,none,65,63,65,193
female,group C,bachelor's degree,standard,none,83,92,91,266
female,group B,some high school,standard,completed,70,75,75,220
male,group A,bachelor's degree,standard,completed,66,72,70,208
female,group D,bachelor's degree,standard,completed,71,87,92,250
male,group B,bachelor's degree,standard,none,66,64,58,188
female,group B,some high school,standard,completed,57,64,68,189
female,group C,master's degree,standard,none,86,90,93,269
female,group A,high school,standard,none,80,85,83,248
female,group B,high school,standard,none,62,60,59,181
female,group D,some college,standard,none,71,71,76,218
female,group C,some college,free/reduced,completed,57,66,71,194
male,group A,some high school,free/reduced,completed,69,64,62,195
male,group B,some college,standard,completed,83,74,72,229
female,group D,some college,free/reduced,none,50,56,60,166
female,group C,bachelor's degree,standard,none,55,56,56,167
male,group B,some high school,free/reduced,none,55,53,51,159
female,group D,some college,free/reduced,completed,83,93,95,271
male,group D,high school,standard,completed,89,87,86,262
female,group D,some high school,standard,none,51,62,64,177
female,group C,some college,standard,none,48,52,49,149
female,group E,bachelor's degree,standard,none,84,95,89,268
female,group C,associate's degree,standard,none,69,83,76,228
female,group C,associate's degree,standard,completed,75,85,87,247
female,group C,master's degree,standard,none,91,100,99,290
male,group B,high school,standard,none,76,77,67,220
male,group E,some high school,free/reduced,none,63,61,59,183
male,group D,high school,standard,none,73,65,64,202
male,group B,some high school,free/reduced,completed,52,63,53,168
male,group B,some high school,standard,completed,58,57,53,168
female,group B,some high school,standard,none,33,51,51,135
male,group E,some high school,free/reduced,none,68,62,61,191
female,group C,associate's degree,standard,completed,77,91,89,257
female,group C,bachelor's degree,standard,none,64,64,66,194
female,group D,some high school,free/reduced,none,39,49,48,136
male,group D,bachelor's degree,standard,none,50,46,48,144
male,group A,master's degree,free/reduced,none,53,57,51,161
female,group B,associate's degree,standard,completed,54,62,70,186
male,group D,high school,standard,none,74,63,65,202
female,group D,associate's degree,standard,completed,50,63,65,178
male,group E,associate's degree,standard,none,55,54,47,156
male,group C,some college,standard,none,77,64,70,211
female,group B,some high school,standard,completed,49,64,67,180
female,group D,associate's degree,free/reduced,none,66,83,82,231
male,group B,some high school,standard,completed,77,74,75,226
female,group A,master's degree,standard,completed,74,78,84,236
male,group C,some college,standard,none,85,78,81,244
female,group A,some college,standard,none,77,86,84,247
female,group B,associate's degree,standard,none,64,62,66,192
female,group D,high school,free/reduced,completed,61,69,68,198
male,group D,associate's degree,standard,none,97,88,85,270
male,group C,some college,standard,completed,66,75,70,211
male,group C,some high school,standard,none,62,66,64,192
female,group E,some high school,standard,completed,64,80,77,221
female,group B,bachelor's degree,free/reduced,none,55,57,60,172
female,group B,associate's degree,standard,none,53,72,66,191
female,group D,some college,free/reduced,none,71,81,77,229
male,group B,high school,free/reduced,completed,66,59,68,193
male,group C,associate's degree,standard,none,68,61,62,191
male,group D,some college,standard,none,89,90,83,262
male,group C,associate's degree,standard,completed,65,69,74,208
female,group B,some high school,standard,none,43,48,44,135
female,group D,master's degree,standard,none,79,77,83,239
male,group D,bachelor's degree,standard,none,99,94,97,290
male,group D,some high school,standard,none,82,69,72,223
male,group D,some college,free/reduced,completed,35,36,39,110
female,group D,bachelor's degree,free/reduced,none,61,71,73,205
female,group D,high school,standard,none,76,80,81,237
male,group C,associate's degree,free/reduced,completed,94,83,82,259
female,group C,high school,standard,none,75,90,78,243
male,group B,some college,standard,none,81,75,70,226
male,group C,some college,free/reduced,none,35,44,33,112
male,group C,some college,standard,none,76,74,72,222
female,group B,bachelor's degree,standard,none,58,79,82,219
male,group C,associate's degree,standard,completed,100,91,90,281
female,group C,bachelor's degree,standard,none,53,68,64,185
female,group D,high school,standard,none,82,95,96,273
male,group B,associate's degree,standard,none,76,62,64,202
male,group C,bachelor's degree,standard,completed,83,75,75,233
female,group D,some college,standard,none,72,84,82,238
male,group D,associate's degree,standard,completed,76,76,83,235
male,group D,some high school,standard,none,66,64,58,188
male,group C,some college,standard,none,63,65,63,191
male,group B,some high school,standard,none,36,34,28,98
male,group C,high school,standard,none,68,74,71,213
female,group C,some high school,free/reduced,completed,40,52,42,134
male,group D,some high school,standard,none,68,71,61,200
male,group C,associate's degree,standard,completed,56,54,52,162
female,group D,associate's degree,free/reduced,none,74,83,80,237
female,group D,some college,free/reduced,none,53,70,71,194
male,group B,some high school,standard,none,88,65,70,223
male,group D,some high school,standard,none,67,63,61,191
female,group B,associate's degree,standard,none,60,76,65,201
female,group C,high school,free/reduced,none,51,61,54,166
female,group D,some high school,standard,none,53,66,59,178
male,group A,bachelor's degree,standard,none,80,78,74,232
female,group E,some high school,standard,none,69,71,67,207
female,group B,some high school,free/reduced,none,64,79,70,213
female,group D,associate's degree,free/reduced,completed,80,87,89,256
female,group A,some high school,standard,none,58,72,62,192
female,group C,high school,standard,none,39,46,50,135
male,group D,some high school,standard,none,64,56,50,170
male,group D,associate's degree,standard,none,61,66,63,190
male,group D,some high school,standard,completed,90,82,88,260
male,group D,some high school,standard,none,73,71,64,208
male,group C,associate's degree,standard,none,73,73,70,216
female,group D,associate's degree,standard,none,67,76,77,220
female,group B,some college,standard,none,57,58,62,177
female,group E,some college,standard,none,65,73,72,210
female,group C,some high school,standard,none,71,72,71,214
female,group D,some high school,standard,none,59,69,72,200
male,group B,high school,standard,completed,74,71,65,210
female,group E,high school,standard,none,93,100,93,286
female,group B,some high school,standard,completed,85,93,92,270
female,group E,some high school,standard,none,76,83,79,238
female,group D,high school,free/reduced,none,58,72,70,200
female,group E,associate's degree,standard,none,72,77,77,226
female,group B,high school,standard,none,40,49,47,136
male,group D,high school,standard,completed,75,73,66,214
male,group D,some high school,standard,none,85,81,80,246
male,group E,associate's degree,standard,completed,100,100,100,300
female,group B,some college,free/reduced,completed,53,65,66,184
male,group D,some college,free/reduced,none,40,42,39,121
male,group B,bachelor's degree,free/reduced,none,49,49,49,147
male,group C,associate's degree,standard,none,77,80,80,237
female,group D,high school,standard,none,82,89,84,255
male,group C,some college,standard,none,55,48,42,145
female,group C,some high school,free/reduced,none,62,71,77,210
male,group B,high school,standard,completed,69,63,59,191
male,group C,associate's degree,standard,none,78,74,76,228
female,group B,high school,free/reduced,completed,71,77,82,230
male,group D,some college,free/reduced,completed,59,71,66,196
female,group D,high school,free/reduced,none,60,75,70,205
female,group C,bachelor's degree,free/reduced,completed,43,60,60,163
female,group C,some high school,standard,none,77,83,86,246
male,group D,some high school,free/reduced,none,50,47,46,143
female,group E,bachelor's degree,free/reduced,none,56,58,52,166
male,group B,high school,standard,none,69,58,50,177
male,group D,high school,standard,none,47,43,39,129
male,group B,some college,free/reduced,none,43,28,24,95
male,group A,some high school,free/reduced,none,48,39,40,127
male,group C,high school,free/reduced,none,55,62,49,166
male,group C,some college,standard,none,73,68,66,207
male,group D,bachelor's degree,standard,none,71,63,66,200
female,group B,some college,standard,none,54,57,60,171
male,group C,high school,standard,none,66,61,63,190
male,group A,master's degree,standard,none,63,63,67,193
female,group D,bachelor's degree,standard,none,66,81,73,220
male,group C,bachelor's degree,standard,completed,79,80,75,234
male,group D,associate's degree,free/reduced,completed,73,69,70,212
female,group C,some high school,standard,none,36,57,53,146
male,group C,associate's degree,free/reduced,none,50,48,43,141
male,group E,some college,standard,completed,87,78,80,245
male,group C,associate's degree,standard,none,71,68,63,202
female,group C,associate's degree,standard,completed,85,87,94,266
female,group C,high school,standard,completed,58,67,64,189
male,group C,some college,standard,none,86,83,81,250
female,group D,some high school,free/reduced,none,64,86,89,239
male,group D,some college,standard,none,83,85,79,247
male,group E,high school,free/reduced,completed,58,56,49,163
female,group C,some college,free/reduced,completed,59,83,81,223
female,group C,high school,standard,none,40,58,54,152
male,group D,associate's degree,standard,completed,82,83,85,250
male,group E,some high school,standard,none,87,84,80,251
female,group C,some high school,standard,none,62,65,64,191
male,group B,associate's degree,free/reduced,completed,76,80,78,234
female,group A,high school,standard,none,63,69,60,192
male,group D,some college,free/reduced,completed,58,60,59,177
male,group D,associate's degree,standard,completed,61,63,65,189
male,group C,some college,standard,none,78,69,71,218
female,group C,bachelor's degree,free/reduced,completed,78,90,81,249
male,group C,some college,standard,none,56,54,43,153
male,group D,some high school,standard,none,96,83,82,261
male,group C,high school,standard,none,48,43,40,131
male,group C,associate's degree,standard,completed,70,76,72,218
male,group D,some college,free/reduced,none,43,68,58,169
female,group E,high school,free/reduced,none,45,46,49,140
female,group C,associate's degree,standard,none,58,68,62,188
female,group A,high school,standard,completed,70,73,80,223
female,group E,some high school,standard,none,60,61,58,179
male,group C,some high school,free/reduced,none,52,53,47,152
male,group C,associate's degree,free/reduced,none,61,62,54,177
female,group D,some high school,standard,none,55,70,61,186
male,group B,high school,standard,completed,80,80,79,239
male,group D,some college,free/reduced,none,63,60,54,177
female,group B,master's degree,standard,none,79,79,87,245
male,group A,associate's degree,standard,none,74,78,72,224
female,group B,some college,free/reduced,completed,46,58,64,168
female,group B,some high school,standard,completed,72,88,92,252
female,group E,some high school,free/reduced,none,58,64,64,186
female,group E,master's degree,standard,none,47,50,47,144
female,group D,bachelor's degree,standard,completed,68,78,84,230
male,group D,bachelor's degree,free/reduced,completed,68,71,67,206
female,group D,high school,standard,none,65,75,68,208
female,group B,associate's degree,standard,none,50,54,51,155
female,group B,high school,free/reduced,completed,48,71,68,187
female,group B,bachelor's degree,standard,none,58,60,64,182
male,group C,some high school,free/reduced,completed,71,74,68,213
male,group D,some high school,free/reduced,completed,58,52,48,158
female,group A,some college,free/reduced,none,66,90,83,239
male,group C,some college,free/reduced,none,44,53,43,140
female,group B,some high school,standard,completed,51,63,66,180
male,group A,some college,standard,completed,78,83,77,238
male,group C,high school,standard,none,72,71,65,208
female,group D,associate's degree,standard,none,60,64,67,191
female,group C,associate's degree,free/reduced,none,55,61,60,176
male,group B,some high school,standard,none,64,67,64,195
female,group C,some high school,free/reduced,none,57,64,60,181
female,group A,high school,standard,none,70,75,74,219
male,group D,some high school,standard,completed,84,72,76,232
female,group B,some college,standard,completed,66,71,76,213
female,group C,bachelor's degree,free/reduced,completed,56,65,73,194
male,group E,some college,free/reduced,completed,59,53,56,168
female,group E,bachelor's degree,standard,none,87,89,84,260
male,group E,high school,free/reduced,none,73,75,64,212
female,group A,high school,standard,none,85,91,89,265
male,group B,some college,free/reduced,none,49,54,42,145
female,group C,bachelor's degree,standard,completed,82,87,90,259
female,group D,some college,standard,none,80,90,90,260
female,group E,high school,standard,none,48,51,43,142
female,group D,high school,standard,completed,85,83,94,262
female,group E,some high school,standard,completed,70,78,76,224
male,group E,associate's degree,standard,completed,89,84,81,254
female,group D,high school,standard,completed,72,86,79,237
female,group D,some high school,free/reduced,none,80,86,87,253
female,group D,some high school,free/reduced,none,43,57,50,150
male,group C,some high school,free/reduced,completed,54,61,61,176
male,group A,associate's degree,free/reduced,completed,82,82,78,242
male,group C,bachelor's degree,free/reduced,none,74,80,78,232
female,group C,some college,standard,none,63,62,64,189
female,group C,high school,free/reduced,none,47,56,51,154
female,group C,some college,free/reduced,none,13,29,23,65
male,group D,some college,free/reduced,none,67,58,56,181
male,group C,some high school,standard,none,57,59,54,170
female,group B,some high school,standard,none,64,78,83,225
female,group D,associate's degree,standard,none,85,100,100,285
female,group B,associate's degree,standard,completed,70,80,86,236
male,group B,bachelor's degree,standard,completed,90,73,83,246
female,group A,some college,free/reduced,completed,53,70,69,192
male,group C,some college,standard,completed,74,73,75,222
male,group A,associate's degree,standard,completed,61,71,67,199
female,group C,some high school,standard,completed,55,74,73,202
female,group B,some college,standard,completed,65,63,66,194
female,group A,high school,standard,none,77,77,79,233
male,group C,associate's degree,standard,none,74,61,56,191
male,group D,some college,standard,none,94,92,85,271
female,group B,associate's degree,standard,completed,54,64,68,186
male,group A,high school,standard,none,52,49,43,144
male,group D,some college,standard,none,73,75,71,219
male,group C,high school,standard,none,81,72,58,211
female,group B,bachelor's degree,free/reduced,none,62,75,72,209
female,group C,master's degree,free/reduced,none,55,60,61,176
male,group C,some high school,free/reduced,completed,55,61,61,177
female,group D,some high school,standard,none,61,62,61,184
male,group E,high school,standard,none,75,70,64,209
male,group E,some college,free/reduced,none,79,65,59,203
female,group C,some high school,standard,none,70,70,68,208
male,group A,some college,standard,none,72,65,59,196
female,group C,some high school,free/reduced,none,38,46,33,117
female,group A,bachelor's degree,standard,none,57,71,63,191
male,group D,some high school,standard,none,76,71,70,217
male,group C,some college,free/reduced,none,45,45,38,128
male,group D,associate's degree,standard,none,77,73,74,224
male,group C,high school,standard,none,40,39,30,109
female,group E,some college,standard,none,78,83,78,239
female,group A,master's degree,free/reduced,none,63,65,66,194
male,group C,associate's degree,standard,none,83,70,73,226
male,group C,associate's degree,free/reduced,none,55,52,47,154
male,group B,some college,standard,completed,88,78,76,242
male,group C,bachelor's degree,standard,none,82,83,85,250
male,group E,bachelor's degree,standard,none,86,71,71,228
female,group C,associate's degree,free/reduced,none,61,74,72,207
female,group D,some college,standard,completed,78,85,93,256
male,group C,associate's degree,standard,none,67,63,66,196
female,group E,some high school,standard,none,83,87,83,253
male,group C,some high school,standard,none,68,74,69,211
male,group C,some college,standard,none,53,52,44,149
male,group D,associate's degree,standard,none,91,88,90,269
male,group B,associate's degree,free/reduced,none,67,66,66,199
female,group C,high school,standard,completed,53,64,62,179
female,group C,master's degree,standard,completed,86,100,100,286
male,group E,some high school,free/reduced,completed,75,70,61,206
male,group C,some college,standard,none,55,38,35,128
male,group D,bachelor's degree,standard,completed,93,86,95,274
female,group E,high school,standard,none,62,71,66,199
male,group C,some college,free/reduced,none,83,76,71,230
male,group D,some high school,standard,none,73,72,64,209
female,group C,high school,free/reduced,none,57,52,53,162
female,group C,some college,standard,none,70,75,75,220
female,group B,high school,standard,completed,55,62,64,181
male,group C,high school,standard,none,65,56,51,172
female,group C,some high school,standard,completed,76,85,88,249
male,group C,master's degree,free/reduced,none,59,47,46,152
male,group C,associate's degree,standard,completed,74,73,77,224
male,group B,some high school,standard,none,65,59,60,184
male,group B,some college,standard,completed,89,87,89,265
female,group B,master's degree,standard,none,71,82,82,235
male,group C,some college,free/reduced,completed,63,69,59,191
male,group C,some high school,standard,completed,57,55,60,172
male,group B,some college,free/reduced,completed,56,67,56,179
male,group A,some high school,free/reduced,completed,49,44,41,134
female,group C,some college,free/reduced,completed,28,44,50,122
female,group C,bachelor's degree,free/reduced,none,69,73,71,213
female,group D,some high school,free/reduced,none,49,62,60,171
male,group B,some high school,standard,completed,67,62,58,187
female,group B,some college,free/reduced,completed,74,85,82,241
female,group C,bachelor's degree,standard,completed,47,67,63,177
female,group C,some college,standard,none,63,63,69,195
male,group C,some college,standard,none,73,51,53,177
female,group D,some college,standard,none,91,94,96,281
male,group B,some college,standard,none,80,87,79,246
female,group C,associate's degree,standard,none,66,73,68,207
male,group B,some college,standard,none,52,48,43,143
female,group B,some college,standard,none,65,71,65,201
male,group D,some college,standard,completed,83,75,71,229
female,group C,some high school,free/reduced,none,80,85,78,243
male,group E,bachelor's degree,free/reduced,none,68,68,59,195
male,group C,some college,free/reduced,completed,68,73,68,209
male,group C,associate's degree,free/reduced,none,62,43,45,150
female,group B,some high school,standard,none,76,88,84,248
female,group C,bachelor's degree,free/reduced,none,77,79,83,239
female,group E,master's degree,free/reduced,none,83,81,83,247
female,group C,some college,free/reduced,none,71,78,82,231
male,group D,some college,free/reduced,completed,86,91,89,266
male,group B,master's degree,standard,none,93,96,96,285
female,group B,associate's degree,free/reduced,none,60,64,60,184
female,group D,some high school,standard,none,57,56,58,171
male,group C,bachelor's degree,standard,none,84,79,74,237
female,group D,bachelor's degree,standard,none,66,71,75,212
male,group D,master's degree,standard,none,85,69,74,228
female,group D,master's degree,standard,completed,57,68,76,201
female,group C,some high school,standard,none,41,49,49,139
female,group C,some high school,standard,none,75,76,76,227
male,group D,high school,free/reduced,none,65,63,60,188
male,group E,some college,standard,none,78,65,60,203
female,group B,some high school,free/reduced,none,26,34,28,88
male,group E,some college,free/reduced,none,71,64,66,201
male,group B,bachelor's degree,standard,completed,86,92,93,271
male,group B,associate's degree,standard,completed,89,84,81,254
female,group B,high school,free/reduced,none,53,64,63,180
female,group C,associate's degree,standard,none,87,87,92,266
male,group D,associate's degree,standard,none,71,57,59,187
male,group D,high school,standard,none,77,80,72,229
female,group C,high school,free/reduced,completed,43,48,53,144
female,group C,associate's degree,standard,none,88,91,86,265
male,group E,some high school,standard,none,86,76,63,225
female,group E,some high school,free/reduced,completed,45,56,55,156
male,group C,some college,standard,none,69,56,57,182
female,group D,high school,standard,none,65,70,72,207
male,group E,some college,free/reduced,none,81,79,71,231
female,group A,some high school,standard,none,90,88,86,264
female,group E,associate's degree,standard,none,78,72,71,221
female,group C,master's degree,standard,completed,71,79,89,239
female,group C,some high school,standard,none,75,80,72,227
male,group C,bachelor's degree,free/reduced,none,70,60,56,186
male,group B,associate's degree,standard,none,54,52,48,154
male,group B,high school,standard,none,49,36,32,117
male,group B,associate's degree,free/reduced,completed,80,82,82,244
female,group E,bachelor's degree,standard,none,78,89,93,260
male,group C,bachelor's degree,standard,none,89,77,82,248
female,group C,bachelor's degree,standard,completed,65,83,82,230
male,group D,associate's degree,standard,none,78,74,71,223
female,group D,high school,standard,none,69,85,78,232
male,group D,some college,free/reduced,none,49,47,48,144
female,group D,master's degree,free/reduced,none,50,64,66,180
female,group E,some college,standard,none,79,76,71,226
female,group D,some college,standard,completed,89,92,97,278
male,group A,associate's degree,free/reduced,completed,48,61,59,168
female,group A,bachelor's degree,standard,none,63,67,71,201
female,group C,some college,standard,none,88,100,88,276
female,group D,associate's degree,standard,none,66,73,73,212
female,group B,some college,free/reduced,none,45,59,56,160
female,group E,some high school,standard,completed,62,78,73,213
male,group D,some college,free/reduced,completed,74,80,86,240
female,group D,bachelor's degree,free/reduced,none,82,87,90,259
male,group E,some college,free/reduced,completed,83,63,63,209
female,group D,some high school,free/reduced,completed,60,72,76,208
female,group D,high school,standard,none,66,73,72,211
male,group C,bachelor's degree,free/reduced,none,76,66,68,210
male,group B,associate's degree,standard,completed,75,74,76,225
male,group B,some college,standard,completed,77,72,79,228
female,group E,some college,free/reduced,none,82,88,86,256
male,group C,associate's degree,standard,completed,63,59,60,182
female,group D,high school,standard,none,70,85,85,240
male,group D,associate's degree,standard,completed,84,71,76,231
male,group C,high school,standard,completed,68,60,63,191
male,group C,some college,free/reduced,none,56,58,50,164
female,group C,associate's degree,free/reduced,none,37,46,43,126
female,group D,some high school,standard,none,49,56,53,158
female,group E,some college,standard,completed,100,100,100,300
male,group D,some college,standard,none,83,68,65,216
female,group E,master's degree,free/reduced,completed,92,100,98,290
male,group E,master's degree,free/reduced,none,71,62,66,199
male,group D,associate's degree,free/reduced,completed,72,76,73,221
female,group D,bachelor's degree,free/reduced,none,37,53,48,138
male,group C,bachelor's degree,free/reduced,none,35,43,35,113
male,group C,some college,free/reduced,none,69,68,62,199
female,group C,bachelor's degree,standard,none,65,73,81,219
male,group E,high school,free/reduced,none,56,48,36,140
female,group D,high school,standard,none,40,46,57,143
female,group E,high school,standard,none,60,62,60,182
female,group C,some high school,standard,none,57,66,73,196
female,group C,some high school,free/reduced,completed,58,62,66,186
female,group D,some college,standard,completed,74,95,94,263
female,group B,some college,standard,none,77,77,83,237
male,group E,some college,free/reduced,none,66,57,53,176
female,group D,some college,standard,completed,62,79,87,228
male,group C,high school,free/reduced,none,29,38,27,94
female,group B,some college,standard,none,70,73,66,209
male,group A,associate's degree,free/reduced,none,67,64,60,191
female,group C,high school,standard,completed,81,91,94,266
male,group C,associate's degree,free/reduced,none,56,50,43,149
female,group D,some college,free/reduced,none,61,79,76,216
female,group D,high school,free/reduced,completed,47,54,56,157
male,group A,bachelor's degree,standard,completed,88,87,94,269
male,group C,some college,standard,completed,51,52,52,155
male,group C,master's degree,standard,none,68,60,62,190
female,group B,associate's degree,standard,none,68,71,71,210
female,group B,high school,free/reduced,none,47,49,50,146
male,group E,master's degree,free/reduced,completed,84,77,82,243
male,group B,some college,free/reduced,none,69,72,68,209
female,group D,bachelor's degree,standard,completed,52,69,75,196
male,group B,associate's degree,standard,none,80,79,79,238
male,group C,bachelor's degree,standard,none,100,84,88,272
male,group C,high school,standard,completed,53,59,64,176
female,group B,master's degree,standard,completed,59,73,74,206
female,group B,some college,standard,none,78,96,89,263
female,group B,associate's degree,standard,none,84,87,89,260
female,group C,high school,free/reduced,none,52,72,71,195
male,group C,associate's degree,free/reduced,none,81,78,75,234
female,group C,associate's degree,standard,completed,90,95,100,285
female,group A,high school,standard,none,63,73,66,202
male,group D,bachelor's degree,standard,completed,100,97,100,297
female,group B,some college,standard,none,56,63,62,181
female,group B,some college,standard,none,46,54,54,154
female,group B,high school,free/reduced,completed,75,85,90,250
female,group A,some college,standard,none,46,51,54,151
male,group A,some high school,free/reduced,none,42,40,40,122
female,group C,some high school,standard,completed,77,86,90,253
female,group C,some college,free/reduced,none,40,63,56,159
female,group D,high school,standard,none,69,71,76,216
male,group C,high school,standard,none,43,50,45,138
female,group C,associate's degree,standard,completed,69,75,71,215
female,group D,bachelor's degree,standard,completed,89,93,100,282
male,group B,associate's degree,standard,none,44,34,36,114
male,group D,high school,free/reduced,completed,82,83,77,242
male,group D,associate's degree,free/reduced,none,72,72,65,209
male,group C,bachelor's degree,standard,none,64,53,50,167
male,group D,some high school,standard,none,89,73,70,232
male,group E,associate's degree,free/reduced,none,58,53,54,165
female,group A,high school,standard,completed,63,81,78,222
female,group A,bachelor's degree,standard,none,54,66,69,189
male,group C,high school,free/reduced,completed,83,78,82,243
female,group C,high school,standard,none,57,74,64,195
female,group C,high school,standard,none,52,47,48,147
female,group D,high school,standard,completed,75,93,97,265
male,group E,high school,free/reduced,completed,67,66,64,197
male,group B,some high school,standard,none,58,60,53,171
female,group B,bachelor's degree,free/reduced,none,63,66,68,197
female,group D,some high school,free/reduced,none,49,64,57,170
female,group D,some college,free/reduced,none,38,47,52,137
female,group B,some college,standard,completed,74,85,84,243
male,group C,associate's degree,free/reduced,completed,69,84,82,235
female,group D,associate's degree,standard,none,77,82,80,239
female,group A,master's degree,free/reduced,none,40,59,59,158
female,group B,master's degree,standard,completed,96,98,100,294
female,group B,bachelor's degree,standard,none,85,86,85,256
male,group D,associate's degree,standard,none,85,77,76,238
male,group C,high school,standard,none,72,59,54,185
female,group B,associate's degree,free/reduced,none,63,78,73,214
male,group B,some high school,standard,none,58,67,58,183
male,group B,bachelor's degree,free/reduced,none,58,64,54,176
male,group C,high school,free/reduced,none,51,57,53,161
female,group D,master's degree,standard,completed,100,100,100,300
female,group D,master's degree,standard,none,77,84,92,253
male,group E,bachelor's degree,free/reduced,none,63,56,56,175
female,group C,some college,standard,none,64,67,68,199
male,group E,high school,standard,none,100,82,80,262
male,group C,associate's degree,standard,none,66,65,65,196
male,group E,bachelor's degree,standard,none,87,87,84,258
male,group C,high school,standard,none,73,72,69,214
male,group C,master's degree,free/reduced,completed,69,66,65,200
female,group C,high school,standard,none,62,64,63,189
female,group C,some high school,standard,none,40,48,49,137
male,group C,some college,free/reduced,completed,55,68,60,183
male,group D,high school,standard,completed,77,77,78,232
male,group D,some college,standard,completed,63,70,71,204
male,group D,associate's degree,standard,completed,85,85,91,261
female,group B,high school,free/reduced,none,30,43,40,113
male,group B,high school,standard,none,82,77,71,230
male,group D,associate's degree,free/reduced,completed,81,71,70,222
female,group C,some high school,standard,completed,92,100,97,289
male,group B,some college,free/reduced,none,50,48,36,134
female,group B,associate's degree,standard,none,54,60,56,170
male,group C,associate's degree,standard,completed,76,83,78,237
female,group D,some high school,standard,none,60,68,74,202
female,group A,associate's degree,free/reduced,completed,45,72,66,183
male,group D,high school,standard,none,80,77,72,229
male,group D,some high school,free/reduced,none,52,45,48,145
female,group C,high school,standard,completed,90,89,97,276
female,group D,high school,free/reduced,none,53,65,69,187
female,group C,associate's degree,standard,none,92,95,95,282
female,group C,some college,standard,completed,63,78,75,216
female,group B,some high school,standard,none,71,77,79,227
female,group D,some high school,standard,none,64,70,73,207
female,group C,some college,standard,completed,67,81,89,237
male,group C,high school,free/reduced,none,63,63,61,187
male,group B,high school,standard,none,63,53,44,160
male,group C,some high school,standard,none,59,49,46,154
male,group E,high school,standard,none,49,43,35,127
female,group D,master's degree,standard,none,75,84,86,245
female,group C,some high school,free/reduced,none,34,47,45,126
female,group B,associate's degree,free/reduced,none,53,70,69,192
male,group B,master's degree,standard,none,63,56,60,179
male,group C,associate's degree,standard,none,75,69,65,209
male,group E,associate's degree,free/reduced,none,63,61,62,186
female,group C,high school,standard,none,70,72,75,217
female,group C,some college,standard,none,61,73,70,204
male,group C,associate's degree,standard,none,74,61,59,194
male,group D,associate's degree,free/reduced,none,57,49,48,154
male,group C,some high school,free/reduced,completed,41,52,47,140
male,group D,some high school,standard,none,87,80,76,243
male,group C,high school,free/reduced,none,69,71,62,202
male,group C,associate's degree,free/reduced,none,69,77,70,216
male,group D,high school,standard,completed,58,56,56,170
female,group B,some college,free/reduced,completed,47,69,62,178
male,group D,associate's degree,standard,completed,78,69,71,218
female,group B,some college,free/reduced,completed,54,61,71,186
male,group C,some college,free/reduced,none,36,27,26,89
male,group B,bachelor's degree,standard,completed,94,92,92,278
female,group D,associate's degree,free/reduced,none,68,84,80,232
female,group E,high school,standard,none,90,88,84,262
male,group A,some college,standard,none,57,57,53,167
male,group D,some college,standard,completed,96,95,90,281
male,group B,some high school,standard,completed,68,63,62,193
female,group C,some high school,standard,completed,52,64,63,179
male,group E,associate's degree,standard,none,90,76,73,239
male,group C,some college,free/reduced,completed,71,82,75,228
female,group C,some college,free/reduced,completed,58,69,74,201
male,group C,some high school,free/reduced,none,41,39,34,114
male,group D,some high school,standard,completed,43,37,43,123
male,group D,high school,standard,none,85,70,71,226
male,group B,some high school,standard,none,71,72,69,212
female,group A,high school,standard,none,72,70,72,214
male,group D,associate's degree,free/reduced,none,70,62,66,198
female,group D,bachelor's degree,standard,none,89,100,100,289
female,group E,high school,standard,none,92,86,82,260
male,group E,some college,free/reduced,completed,80,79,81,240
male,group C,some high school,standard,none,80,70,60,210
female,group B,high school,standard,none,56,64,59,179
male,group E,high school,free/reduced,none,93,86,73,252
male,group C,associate's degree,free/reduced,completed,49,37,41,127
female,group E,master's degree,standard,none,59,57,58,174
female,group C,some high school,standard,completed,64,74,75,213
male,group D,some high school,standard,none,73,66,59,198
female,group B,some college,standard,completed,82,86,90,258
male,group D,high school,free/reduced,none,48,43,41,132
female,group A,some high school,free/reduced,completed,51,64,62,177
female,group E,some high school,free/reduced,completed,38,46,43,127
male,group B,some college,free/reduced,none,45,50,42,137
female,group A,some college,standard,completed,83,92,95,270
female,group B,some high school,standard,completed,45,57,56,158
male,group D,high school,free/reduced,none,66,64,62,192
male,group D,high school,free/reduced,completed,60,62,57,179
male,group C,associate's degree,standard,none,49,47,49,145
male,group D,bachelor's degree,standard,none,80,84,86,250
male,group E,high school,standard,none,75,68,66,209
male,group B,some college,free/reduced,completed,57,68,61,186
female,group B,some high school,free/reduced,none,25,36,37,98
male,group E,some college,free/reduced,none,90,87,81,258
female,group D,some college,standard,none,63,70,71,204
male,group E,associate's degree,standard,none,100,91,86,277
male,group C,associate's degree,free/reduced,none,76,68,66,210
female,group B,some high school,free/reduced,none,52,58,53,163
female,group B,master's degree,standard,completed,81,86,93,260
male,group C,associate's degree,standard,completed,90,89,87,266
male,group D,associate's degree,standard,none,83,82,81,246
female,group B,high school,standard,none,61,73,69,203
female,group E,associate's degree,standard,completed,79,69,75,223
male,group B,some college,standard,none,52,53,51,156
female,group B,bachelor's degree,standard,completed,62,65,67,194
female,group D,some college,standard,none,85,90,84,259
female,group E,high school,free/reduced,completed,74,96,95,265
male,group C,associate's degree,free/reduced,none,83,85,78,246
male,group C,some college,standard,none,78,72,72,222
female,group C,high school,free/reduced,none,41,43,40,124
female,group A,high school,standard,none,77,91,87,255
male,group C,bachelor's degree,standard,none,95,99,91,285
female,group B,high school,free/reduced,none,50,68,66,184
male,group C,some college,standard,none,74,76,70,220
female,group D,bachelor's degree,standard,completed,74,93,93,260
male,group E,high school,standard,none,70,62,61,193
male,group D,associate's degree,free/reduced,none,61,59,54,174
female,group A,master's degree,standard,completed,94,100,100,294
female,group D,high school,standard,none,66,84,77,227
female,group D,master's degree,standard,none,83,88,93,264
male,group D,high school,standard,none,75,63,60,198
male,group D,high school,free/reduced,completed,56,65,63,184
female,group B,some college,free/reduced,none,66,88,83,237
female,group B,high school,free/reduced,none,61,69,66,196
male,group C,some high school,standard,completed,70,79,73,222
male,group C,master's degree,standard,none,57,59,53,169
female,group C,associate's degree,free/reduced,completed,78,89,90,257
female,group C,some high school,standard,none,62,76,67,205
male,group C,some high school,standard,completed,64,53,49,166
female,group B,high school,free/reduced,none,55,66,65,186
female,group D,some college,standard,none,72,83,83,238
male,group A,some college,free/reduced,none,49,48,42,139
female,group D,some college,standard,none,62,60,63,185
male,group B,some high school,free/reduced,none,76,73,68,217
female,group C,master's degree,standard,completed,73,86,85,244
female,group C,associate's degree,standard,completed,72,76,78,226
male,group C,high school,standard,none,85,85,76,246
male,group A,some college,free/reduced,none,71,68,65,204
female,group C,some high school,free/reduced,none,28,38,31,97
male,group C,high school,free/reduced,none,41,42,38,121
male,group E,associate's degree,standard,none,78,72,68,218
male,group C,master's degree,free/reduced,none,48,52,44,144
male,group C,associate's degree,free/reduced,none,38,51,47,136
female,group A,bachelor's degree,standard,completed,91,100,100,291
female,group D,bachelor's degree,standard,none,71,81,80,232
female,group D,bachelor's degree,standard,none,84,87,92,263
male,group E,associate's degree,free/reduced,completed,63,60,63,186
female,group A,associate's degree,standard,completed,70,78,87,235
male,group B,bachelor's degree,free/reduced,completed,48,52,57,157
male,group D,some high school,standard,completed,68,72,73,213
female,group D,some college,standard,none,84,84,87,255
male,group D,high school,standard,none,61,62,60,183
male,group C,some high school,free/reduced,none,62,59,62,183
female,group C,master's degree,free/reduced,none,66,78,83,227
female,group C,high school,standard,completed,52,65,71,188
female,group D,some college,standard,completed,68,75,73,216
male,group D,some college,free/reduced,completed,62,68,71,201
male,group E,bachelor's degree,standard,completed,90,88,84,262
female,group A,master's degree,free/reduced,none,42,50,44,136
male,group D,associate's degree,free/reduced,completed,74,90,89,253
male,group B,associate's degree,standard,completed,62,61,61,184
male,group C,some college,standard,none,56,55,50,161
male,group C,high school,free/reduced,none,64,52,54,170
male,group D,high school,standard,completed,79,84,80,243
female,group C,some high school,standard,none,44,65,63,172
female,group B,some college,standard,completed,69,94,87,250
male,group A,some college,standard,none,53,48,48,149
male,group C,high school,standard,none,74,69,61,204
male,group C,associate's degree,standard,none,49,55,48,152
female,group D,associate's degree,free/reduced,none,57,71,71,199
female,group D,master's degree,standard,none,61,72,64,197
female,group C,master's degree,free/reduced,none,65,88,84,237
female,group C,some college,standard,none,51,60,52,163
female,group C,some high school,standard,none,49,51,41,141
male,group B,master's degree,free/reduced,none,56,65,56,177
male,group D,associate's degree,standard,none,65,62,63,190
male,group D,some college,standard,none,70,64,62,196
male,group D,some college,standard,none,91,95,88,274
female,group D,high school,standard,completed,48,56,64,168
female,group C,associate's degree,standard,completed,94,99,100,293
male,group B,master's degree,standard,none,77,76,73,226
female,group D,some high school,standard,none,59,78,75,212
female,group C,some college,free/reduced,none,57,75,70,202
female,group C,some high school,standard,none,76,82,74,232
male,group D,high school,standard,none,65,63,64,192
female,group B,master's degree,standard,completed,75,75,83,233
male,group D,master's degree,standard,none,70,66,65,201
male,group C,high school,standard,completed,79,79,70,228
male,group E,associate's degree,standard,completed,100,100,100,300
female,group A,bachelor's degree,standard,completed,83,96,99,278
female,group C,associate's degree,free/reduced,none,70,84,78,232
male,group E,some high school,standard,completed,97,80,88,265
female,group E,high school,free/reduced,none,33,32,35,100
male,group B,master's degree,free/reduced,none,38,40,41,119
male,group C,some college,standard,completed,46,51,47,144
female,group D,some college,free/reduced,none,13,36,37,86
male,group A,master's degree,standard,none,85,83,78,246
female,group B,some college,standard,none,79,79,80,238
female,group B,some high school,standard,none,76,81,79,236
female,group C,some high school,free/reduced,completed,53,70,65,188
male,group A,high school,standard,completed,68,70,63,201
male,group D,associate's degree,free/reduced,completed,67,70,70,207
male,group E,some college,standard,completed,100,84,88,272
male,group C,associate's degree,free/reduced,none,54,48,45,147
female,group E,associate's degree,free/reduced,none,72,73,70,215
male,group A,some college,standard,completed,91,97,95,283
male,group D,master's degree,standard,completed,87,81,86,254
female,group D,associate's degree,free/reduced,none,66,75,74,215
male,group C,some high school,standard,none,65,66,64,195
female,group E,associate's degree,free/reduced,completed,41,56,53,150
female,group C,associate's degree,standard,none,67,69,65,201
male,group E,high school,standard,none,94,89,86,269
female,group B,bachelor's degree,free/reduced,completed,57,70,68,195
male,group A,high school,standard,none,89,83,80,252
male,group A,associate's degree,standard,completed,77,73,80,230
male,group C,some high school,standard,none,57,60,50,167
male,group D,some college,standard,completed,72,72,72,216
male,group D,bachelor's degree,standard,completed,98,94,95,287
female,group D,master's degree,standard,none,87,97,100,284
male,group C,some high school,free/reduced,none,61,57,55,173
female,group C,master's degree,standard,none,85,100,97,282
female,group D,some high school,standard,none,81,85,91,257
female,group D,high school,standard,completed,74,84,79,237
male,group C,bachelor's degree,standard,none,98,92,90,280
female,group D,some college,standard,none,86,84,89,259
male,group C,bachelor's degree,standard,completed,85,81,82,248
male,group C,some college,standard,none,68,71,63,202
female,group E,high school,free/reduced,completed,66,78,77,221
male,group B,some high school,free/reduced,completed,75,74,71,220
male,group C,bachelor's degree,standard,none,79,57,58,194
female,group B,bachelor's degree,free/reduced,none,59,85,82,226
male,group B,master's degree,free/reduced,none,60,62,58,180
male,group D,high school,standard,none,69,60,54,183
female,group B,high school,free/reduced,none,49,54,58,161
male,group D,some college,standard,none,62,44,52,158
female,group E,high school,free/reduced,completed,70,84,83,237
male,group D,bachelor's degree,standard,none,71,57,60,188
male,group C,bachelor's degree,standard,none,71,69,65,205
female,group C,some high school,free/reduced,none,50,59,54,163
female,group B,high school,standard,none,52,55,57,164
male,group E,some college,free/reduced,completed,75,65,66,206
female,group C,bachelor's degree,standard,none,51,64,63,178
male,group C,some high school,standard,none,64,48,50,162
female,group A,some college,free/reduced,completed,65,76,72,213
male,group B,master's degree,standard,none,99,81,87,267
female,group B,associate's degree,standard,none,60,62,58,180
female,group B,some college,standard,none,70,78,80,228
male,group A,some college,standard,completed,77,76,77,230
male,group B,high school,free/reduced,none,37,28,23,88
male,group E,associate's degree,free/reduced,none,73,73,61,207
female,group B,associate's degree,free/reduced,completed,53,74,75,202
female,group B,associate's degree,standard,none,67,58,62,187
female,group B,some college,free/reduced,none,67,79,80,226
male,group B,high school,free/reduced,none,51,57,50,158
male,group D,high school,standard,completed,64,71,70,205
male,group E,some college,free/reduced,none,55,42,43,140
male,group D,associate's degree,free/reduced,completed,55,39,51,145
male,group E,associate's degree,standard,none,86,77,78,241
female,group B,master's degree,standard,none,71,88,85,244
male,group C,high school,free/reduced,none,71,63,64,198
female,group C,some high school,free/reduced,none,51,67,69,187
female,group E,some college,standard,completed,75,76,85,236
male,group C,some high school,free/reduced,none,45,31,27,103
male,group B,some high school,standard,none,59,54,48,161
female,group E,high school,free/reduced,none,64,69,68,201
male,group A,some college,standard,completed,78,69,73,220
male,group D,high school,free/reduced,none,59,61,58,178
male,group E,bachelor's degree,free/reduced,none,80,70,71,221
male,group B,associate's degree,standard,completed,68,82,77,227
female,group B,associate's degree,standard,none,77,81,79,237
male,group C,high school,standard,none,66,67,64,197
female,group C,some college,free/reduced,completed,26,44,46,116
male,group D,some college,standard,completed,80,66,69,215
female,group D,some high school,free/reduced,none,48,62,61,171
female,group A,associate's degree,standard,none,52,64,55,171
female,group D,master's degree,free/reduced,none,54,64,64,182
female,group C,some college,standard,completed,59,68,67,194
male,group D,high school,standard,none,77,62,65,204
female,group B,some college,free/reduced,none,64,70,69,203
male,group D,high school,standard,none,83,72,68,223
male,group E,high school,free/reduced,none,70,73,69,212
male,group C,some high school,standard,none,72,68,67,207
female,group B,associate's degree,standard,none,83,78,79,240
female,group B,associate's degree,standard,none,52,58,57,167
female,group C,some college,free/reduced,completed,53,73,74,200
male,group D,some college,standard,none,55,55,55,165
male,group C,associate's degree,standard,none,65,63,61,189
female,group E,some high school,standard,none,60,67,64,191
male,group E,high school,free/reduced,completed,64,62,59,185
male,group C,associate's degree,standard,none,71,72,69,212
male,group C,bachelor's degree,free/reduced,completed,61,71,65,197
male,group D,associate's degree,standard,none,61,55,58,174
female,group C,master's degree,standard,none,65,74,79,218
female,group D,some high school,standard,completed,71,83,89,243
male,group E,associate's degree,free/reduced,none,48,49,44,141
male,group E,high school,free/reduced,completed,75,80,75,230
male,group D,associate's degree,free/reduced,none,54,66,65,185
female,group C,master's degree,standard,none,70,64,65,199
male,group D,some high school,standard,none,91,77,72,240
female,group D,some high school,standard,completed,33,44,50,127
female,group B,high school,standard,none,45,50,41,136
male,group A,high school,free/reduced,none,45,33,32,110
male,group D,bachelor's degree,free/reduced,none,62,61,57,180
male,group E,associate's degree,free/reduced,completed,92,79,77,248
female,group D,some college,standard,none,74,75,79,228
female,group C,high school,standard,completed,81,79,83,243
male,group C,associate's degree,free/reduced,none,76,71,66,213
female,group C,associate's degree,standard,completed,57,72,73,202
male,group A,some college,free/reduced,none,63,61,55,179
female,group D,high school,standard,completed,57,62,73,192
female,group B,some college,standard,completed,46,65,64,175
male,group E,some high school,free/reduced,completed,49,50,45,144
female,group D,some high school,standard,none,54,60,65,179
male,group C,some high school,standard,completed,89,87,90,266
male,group D,bachelor's degree,standard,completed,77,70,78,225
female,group C,bachelor's degree,standard,none,46,63,60,169
male,group B,associate's degree,standard,completed,66,59,70,195
female,group C,high school,standard,none,48,63,53,164
male,group D,associate's degree,standard,completed,83,76,81,240
male,group C,high school,standard,completed,69,75,74,218
male,group E,bachelor's degree,free/reduced,none,73,52,54,179
female,group D,some college,standard,none,43,59,59,161
male,group D,master's degree,standard,completed,91,84,83,258
male,group C,associate's degree,standard,completed,49,58,55,162
male,group B,master's degree,standard,none,87,86,84,257
male,group B,some high school,standard,completed,46,46,44,136
female,group D,some high school,standard,completed,63,61,71,195
male,group E,bachelor's degree,standard,none,100,83,86,269
female,group E,bachelor's degree,standard,none,86,87,89,262
female,group A,some high school,free/reduced,completed,55,73,70,198
female,group E,master's degree,free/reduced,none,84,100,99,283
female,group B,some high school,free/reduced,none,39,51,48,138
male,group B,high school,standard,none,67,57,52,176
female,group D,some high school,standard,completed,85,100,97,282
male,group C,some high school,standard,none,64,51,44,159
female,group E,associate's degree,standard,none,81,77,74,232
male,group C,associate's degree,standard,none,78,71,67,216
female,group B,some high school,standard,none,59,59,58,176
male,group C,associate's degree,standard,none,74,76,70,220
female,group B,some college,free/reduced,completed,31,29,35,95
female,group C,some high school,free/reduced,completed,54,55,65,174
male,group C,high school,free/reduced,none,51,51,45,147
female,group B,bachelor's degree,free/reduced,completed,57,65,68,190
female,group C,some high school,free/reduced,none,39,50,49,138
male,group C,some college,standard,none,64,48,48,160
male,group C,master's degree,free/reduced,completed,69,79,72,220
male,group A,some high school,standard,none,58,50,47,155
female,group D,high school,standard,none,63,71,75,209
male,group E,associate's degree,standard,none,74,73,67,214
male,group E,some college,free/reduced,none,78,84,77,239
male,group A,some college,standard,completed,78,78,74,230
female,group B,some college,standard,none,75,76,81,232
male,group D,some college,standard,completed,70,60,65,195
male,group D,some college,standard,none,67,55,53,175
female,group C,associate's degree,standard,none,87,93,88,268
male,group C,some college,standard,none,69,63,66,198
female,group A,associate's degree,standard,none,58,54,58,170
male,group E,high school,free/reduced,completed,86,82,75,243
male,group C,high school,standard,none,73,70,65,208
male,group D,associate's degree,free/reduced,completed,85,91,92,268
female,group C,some high school,free/reduced,none,32,35,41,108
female,group C,some college,standard,none,73,74,82,229
male,group A,some college,standard,completed,65,60,62,187
